{
  "definitions": {
    "1": {
      "gear_id": 1,
      "title": "有利属性ダメージ",
      "effect_type": 2
    },
    "2": {
      "gear_id": 2,
      "title": "HP増加",
      "effect_type": 3
    },
    "3": {
      "gear_id": 3,
      "title": "攻撃力増加",
      "effect_type": 4
    },
    "4": {
      "gear_id": 4,
      "title": "防御力増加",
      "effect_type": 5
    },
    "5": {
      "gear_id": 5,
      "title": "速度増加",
      "effect_type": 6
    },
    "6": {
      "gear_id": 6,
      "title": "会心率加算",
      "effect_type": 7
    },
    "7": {
      "gear_id": 7,
      "title": "会心ダメージ増加",
      "effect_type": 8
    },
    "8": {
      "gear_id": 8,
      "title": "効果なし",
      "effect_type": 1
    }
  },
  "effects": {
    "1": {
      "1": {
        "rank": 1,
        "effect_value": 0.08500000089406967
      },
      "2": {
        "rank": 2,
        "effect_value": 0.07999999821186066
      },
      "3": {
        "rank": 3,
        "effect_value": 0.07249999791383743
      },
      "4": {
        "rank": 4,
        "effect_value": 0.06499999761581421
      },
      "5": {
        "rank": 5,
        "effect_value": 0.05000000074505806
      }
    },
    "2": {
      "1": {
        "rank": 1,
        "effect_value": 0.0333000011742115
      },
      "2": {
        "rank": 2,
        "effect_value": 0.027499999850988388
      },
      "3": {
        "rank": 3,
        "effect_value": 0.02160000056028366
      },
      "4": {
        "rank": 4,
        "effect_value": 0.015799999237060547
      },
      "5": {
        "rank": 5,
        "effect_value": 0.009999999776482582
      }
    },
    "3": {
      "1": {
        "rank": 1,
        "effect_value": 0.0333000011742115
      },
      "2": {
        "rank": 2,
        "effect_value": 0.027499999850988388
      },
      "3": {
        "rank": 3,
        "effect_value": 0.02160000056028366
      },
      "4": {
        "rank": 4,
        "effect_value": 0.015799999237060547
      },
      "5": {
        "rank": 5,
        "effect_value": 0.009999999776482582
      }
    },
    "4": {
      "1": {
        "rank": 1,
        "effect_value": 0.0333000011742115
      },
      "2": {
        "rank": 2,
        "effect_value": 0.027499999850988388
      },
      "3": {
        "rank": 3,
        "effect_value": 0.02160000056028366
      },
      "4": {
        "rank": 4,
        "effect_value": 0.015799999237060547
      },
      "5": {
        "rank": 5,
        "effect_value": 0.009999999776482582
      }
    },
    "5": {
      "1": {
        "rank": 1,
        "effect_value": 0.07199999690055847
      },
      "2": {
        "rank": 2,
        "effect_value": 0.05999999865889549
      },
      "3": {
        "rank": 3,
        "effect_value": 0.04500000178813934
      },
      "4": {
        "rank": 4,
        "effect_value": 0.03500000014901161
      },
      "5": {
        "rank": 5,
        "effect_value": 0.019999999552965164
      }
    },
    "6": {
      "1": {
        "rank": 1,
        "effect_value": 0.07000000029802322
      },
      "2": {
        "rank": 2,
        "effect_value": 0.05999999865889549
      },
      "3": {
        "rank": 3,
        "effect_value": 0.04800000041723251
      },
      "4": {
        "rank": 4,
        "effect_value": 0.03500000014901161
      },
      "5": {
        "rank": 5,
        "effect_value": 0.019999999552965164
      }
    },
    "7": {
      "1": {
        "rank": 1,
        "effect_value": 0.16500000655651093
      },
      "2": {
        "rank": 2,
        "effect_value": 0.14000000059604645
      },
      "3": {
        "rank": 3,
        "effect_value": 0.11500000208616257
      },
      "4": {
        "rank": 4,
        "effect_value": 0.08500000089406967
      },
      "5": {
        "rank": 5,
        "effect_value": 0.05000000074505806
      }
    },
    "8": {
      "0": {
        "rank": 0,
        "effect_value": 0.0
      }
    }
  }
}