{
  "1": 0.0,
  "2": 0.002247000113129616,
  "3": 0.004494000226259232,
  "4": 0.006742000114172697,
  "5": 0.008988999761641026,
  "6": 0.011235999874770641,
  "7": 0.013484000228345394,
  "8": 0.015730999410152435,
  "9": 0.01797799952328205,
  "10": 0.020225999876856804,
  "11": 0.024721000343561172,
  "12": 0.02696800045669079,
  "13": 0.029215000569820404,
  "14": 0.03146300092339516,
  "15": 0.03370999917387962,
  "16": 0.03595700114965439,
  "17": 0.03820500150322914,
  "18": 0.04045199975371361,
  "19": 0.04270000010728836,
  "20": 0.04494699835777283,
  "21": 0.048847001045942307,
  "22": 0.05109399929642677,
  "23": 0.053341999650001526,
  "24": 0.05558900162577629,
  "25": 0.05783599987626076,
  "26": 0.06008400022983551,
  "27": 0.06233099848031998,
  "28": 0.06457799673080444,
  "29": 0.0668260008096695,
  "30": 0.06907299906015396,
  "31": 0.07132100313901901,
  "32": 0.07356800138950348,
  "33": 0.07581499963998795,
  "34": 0.078063003718853,
  "35": 0.08031000196933746,
  "36": 0.08255700021982193,
  "37": 0.08480499684810638,
  "38": 0.08705200254917145,
  "39": 0.0892999991774559,
  "40": 0.09154699742794037,
  "41": 0.09730999916791916,
  "42": 0.09977799654006958,
  "43": 0.10224699974060059,
  "44": 0.10471499711275101,
  "45": 0.10718400031328201,
  "46": 0.10965199768543243,
  "47": 0.11212100088596344,
  "48": 0.11458899825811386,
  "49": 0.11705700308084488,
  "50": 0.11952599883079529,
  "51": 0.1219940036535263,
  "52": 0.12446299940347672,
  "53": 0.12693099677562714,
  "54": 0.12939999997615814,
  "55": 0.13186800479888916,
  "56": 0.13433599472045898,
  "57": 0.13680499792099,
  "58": 0.139273002743721,
  "59": 0.14174200594425201,
  "60": 0.14420999586582184,
  "61": 0.15208399295806885,
  "62": 0.15455199778079987,
  "63": 0.15702100098133087,
  "64": 0.1594890058040619,
  "65": 0.1619569957256317,
  "66": 0.16442599892616272,
  "67": 0.16689400374889374,
  "68": 0.16936300694942474,
  "69": 0.17183099687099457,
  "70": 0.17430000007152557,
  "71": 0.1767680048942566,
  "72": 0.17923599481582642,
  "73": 0.18170499801635742,
  "74": 0.18417300283908844,
  "75": 0.18664200603961945,
  "76": 0.18910999596118927,
  "77": 0.1915780007839203,
  "78": 0.1940470039844513,
  "79": 0.19651499390602112,
  "80": 0.19898399710655212,
  "81": 0.20904700458049774,
  "82": 0.21218900382518768,
  "83": 0.21533599495887756,
  "84": 0.21848399937152863,
  "85": 0.2216310054063797,
  "86": 0.22477799654006958,
  "87": 0.2279209941625595,
  "88": 0.23106800019741058,
  "89": 0.23421500623226166,
  "90": 0.23736299574375153,
  "91": 0.2405100017786026,
  "92": 0.24365200102329254,
  "93": 0.2468000054359436,
  "94": 0.24994699656963348,
  "95": 0.25309398770332336,
  "96": 0.2562420070171356,
  "97": 0.25938400626182556,
  "98": 0.26253101229667664,
  "99": 0.2656779885292053,
  "100": 0.2688260078430176,
  "101": 0.2848939895629883,
  "102": 0.28804200887680054,
  "103": 0.2911840081214905,
  "104": 0.29433101415634155,
  "105": 0.29747799038887024,
  "106": 0.3006260097026825,
  "107": 0.3037729859352112,
  "108": 0.3069149851799011,
  "109": 0.3100630044937134,
  "110": 0.31321001052856445,
  "111": 0.31635698676109314,
  "112": 0.3195050060749054,
  "113": 0.32264700531959534,
  "114": 0.3257940113544464,
  "115": 0.3289420008659363,
  "116": 0.33208900690078735,
  "117": 0.3352360129356384,
  "118": 0.33837801218032837,
  "119": 0.34152600169181824,
  "120": 0.3446730077266693,
  "121": 0.36453598737716675,
  "122": 0.3688049912452698,
  "123": 0.37307798862457275,
  "124": 0.3773469924926758,
  "125": 0.38161501288414,
  "126": 0.38588398694992065,
  "127": 0.390157014131546,
  "128": 0.39442598819732666,
  "129": 0.3986940085887909,
  "130": 0.40296798944473267,
  "131": 0.4072360098361969,
  "132": 0.4115050137042999,
  "133": 0.4157780110836029,
  "134": 0.42004698514938354,
  "135": 0.4243150055408478,
  "136": 0.4285840094089508,
  "137": 0.4328570067882538,
  "138": 0.4371260106563568,
  "139": 0.44139400124549866,
  "140": 0.4456680119037628,
  "141": 0.47057801485061646,
  "142": 0.4764209985733032,
  "143": 0.4822629988193512,
  "144": 0.48810499906539917,
  "145": 0.49394699931144714,
  "146": 0.49979400634765625,
  "147": 0.5056359767913818,
  "148": 0.5114780068397522,
  "149": 0.517320990562439,
  "150": 0.5231630206108093,
  "151": 0.529009997844696,
  "152": 0.5348520278930664,
  "153": 0.540693998336792,
  "154": 0.5465360283851624,
  "155": 0.5523779988288879,
  "156": 0.5582259893417358,
  "157": 0.5640680193901062,
  "158": 0.5699099898338318,
  "159": 0.5757520198822021,
  "160": 0.5815939903259277,
  "161": 0.6133049726486206,
  "162": 0.6211730241775513,
  "163": 0.629036009311676,
  "164": 0.6369050145149231,
  "165": 0.6447679996490479,
  "166": 0.6526359915733337,
  "167": 0.6604999899864197,
  "168": 0.6683679819107056,
  "169": 0.6762310266494751,
  "170": 0.6840999722480774,
  "171": 0.6919630169868469,
  "172": 0.6998310089111328,
  "173": 0.7076939940452576,
  "174": 0.7155629992485046,
  "175": 0.7234259843826294,
  "176": 0.7312939763069153,
  "177": 0.7391570210456848,
  "178": 0.7470260262489319,
  "179": 0.7548890113830566,
  "180": 0.7627570033073425,
  "181": 0.803525984287262,
  "182": 0.8138629794120789,
  "183": 0.8242049813270569,
  "184": 0.8345419764518738,
  "185": 0.8448839783668518,
  "186": 0.8552209734916687,
  "187": 0.8655629754066467,
  "188": 0.8758999705314636,
  "189": 0.8862419724464417,
  "190": 0.8965780138969421,
  "191": 0.9069210290908813,
  "192": 0.9172629714012146,
  "193": 0.9276049733161926,
  "194": 0.9379469752311707,
  "195": 0.9482889771461487,
  "196": 0.9586309790611267,
  "197": 0.9689729809761047,
  "198": 0.9793149828910828,
  "199": 0.9896569848060608,
  "200": 1.0
}